<?xml version="1.0"?>
<game_state>
	<window />
	<input />
	<textures />
	<audio>
		<music value="50" />
		<fx value="50" />
	</audio>
	<fadetoblack />
	<physics />
	<pathfinding />
	<intro />
	<death />
	<scene />
	<scene2 />
	<fonts />
	<map />
	<entities currentScene="1">
		<player>
			<pos x="578" y="642" />
			<values lives="3" />
		</player>
		<bullet1>
			<pos x="967" y="423" />
			<values lives="1" />
		</bullet1>
		<bullet2>
			<pos x="1000" y="696" />
			<values lives="1" />
		</bullet2>
		<bullet3>
			<pos x="1192" y="232" />
			<values lives="1" />
		</bullet3>
		<bullet4>
			<pos x="1416" y="296" />
			<values lives="1" />
		</bullet4>
		<bullet5>
			<pos x="1687" y="183" />
			<values lives="1" />
		</bullet5>
		<bullet6>
			<pos x="1832" y="648" />
			<values lives="1" />
		</bullet6>
		<bullet7>
			<pos x="1879" y="376" />
			<values lives="1" />
		</bullet7>
		<bullet8>
			<pos x="2312" y="119" />
			<values lives="1" />
		</bullet8>
		<goomba0>
			<pos x="336" y="767" />
			<values lives="1" />
		</goomba0>
		<goomba1>
			<pos x="1455" y="703" />
			<values lives="1" />
		</goomba1>
		<goomba2>
			<pos x="1575" y="687" />
			<values lives="1" />
		</goomba2>
		<goomba3>
			<pos x="1728" y="543" />
			<values lives="1" />
		</goomba3>
		<goomba4>
			<pos x="1938" y="223" />
			<values lives="1" />
		</goomba4>
		<goomba5>
			<pos x="1967" y="687" />
			<values lives="1" />
		</goomba5>
		<goomba6>
			<pos x="2258" y="479" />
			<values lives="1" />
		</goomba6>
		<door0 active="true" />
		<door1 active="true" />
		<checkpoint0 active="true" />
		<checkpoint1 active="false" />
		<coin1 active="true" />
		<coin2 active="true" />
		<coin3 active="true" />
		<coin4 active="true" />
		<coin5 active="true" />
		<coin6 active="true" />
		<coin7 active="true" />
		<coin8 active="true" />
		<coin9 active="true" />
		<coin10 active="true" />
		<coin11 active="true" />
		<coin12 active="true" />
		<coin13 active="true" />
		<coin14 active="true" />
		<coin15 active="true" />
		<coin16 active="true" />
		<coin17 active="true" />
		<coin18 active="true" />
		<coin19 active="true" />
		<coin20 active="true" />
		<coin21 active="true" />
		<coin22 active="true" />
		<coin23 active="true" />
		<coin24 active="true" />
		<coin25 active="true" />
		<coin26 active="true" />
		<coin27 active="true" />
		<coin28 active="true" />
		<coin29 active="true" />
		<coin30 active="true" />
		<coin31 active="true" />
		<cherry2 active="true" />
		<cherry3 active="true" />
		<cherry4 active="true" />
		<cherry5 active="true" />
	</entities>
	<ui />
	<guiManager />
	<render>
		<camera x="-939" y="-1482" />
	</render>
</game_state>
